country,continent,lifeExp,pop,gdpPercap
Afghanistan,Asia,28.801,8425333,779.4453145
Albania,Europe,55.23,1282697,1601.056136
Algeria,Africa,43.077,9279525,2449.008185
Angola,Africa,30.015,4232095,3520.610273
Argentina,Americas,62.485,17876956,5911.315053
Australia,Oceania,69.12,8691212,10039.59564
Austria,Europe,66.8,6927772,6137.076492
Bahrain,Asia,50.939,120447,9867.084765
Bangladesh,Asia,37.484,46886859,684.2441716
Belgium,Europe,68,8730405,8343.105127
Benin,Africa,38.223,1738315,1062.7522
Bolivia,Americas,40.414,2883315,2677.326347
Bosnia and Herzegovina,Europe,53.82,2791000,973.5331948
Botswana,Africa,47.622,442308,851.2411407
Brazil,Americas,50.917,56602560,2108.944355
Bulgaria,Europe,59.6,7274900,2444.286648
Burkina Faso,Africa,31.975,4469979,543.2552413
Burundi,Africa,39.031,2445618,339.2964587
Cambodia,Asia,39.417,4693836,368.4692856
Cameroon,Africa,38.523,5009067,1172.667655
Canada,Americas,68.75,14785584,11367.16112
Central African Republic,Africa,35.463,1291695,1071.310713
Chad,Africa,38.092,2682462,1178.665927
Chile,Americas,54.745,6377619,3939.978789
China,Asia,44,556263527,400.448611
Colombia,Americas,50.643,12350771,2144.115096
Comoros,Africa,40.715,153936,1102.990936
"Congo, Dem. Rep.",Africa,39.143,14100005,780.5423257
"Congo, Rep.",Africa,42.111,854885,2125.621418
Costa Rica,Americas,57.206,926317,2627.009471
Cote d'Ivoire,Africa,40.477,2977019,1388.594732
Croatia,Europe,61.21,3882229,3119.23652
Cuba,Americas,59.421,6007797,5586.53878
Czech Republic,Europe,66.87,9125183,6876.14025
Denmark,Europe,70.78,4334000,9692.385245
Djibouti,Africa,34.812,63149,2669.529475
Dominican Republic,Americas,45.928,2491346,1397.717137
Ecuador,Americas,48.357,3548753,3522.110717
Egypt,Africa,41.893,22223309,1418.822445
El Salvador,Americas,45.262,2042865,3048.3029
Equatorial Guinea,Africa,34.482,216964,375.6431231
Eritrea,Africa,35.928,1438760,328.9405571
Ethiopia,Africa,34.078,20860941,362.1462796
Finland,Europe,66.55,4090500,6424.519071
France,Europe,67.41,42459667,7029.809327
Gabon,Africa,37.003,420702,4293.476475
Gambia,Africa,30,284320,485.2306591
Germany,Europe,67.5,69145952,7144.114393
Ghana,Africa,43.149,5581001,911.2989371
Greece,Europe,65.86,7733250,3530.690067
Guatemala,Americas,42.023,3146381,2428.237769
Guinea,Africa,33.609,2664249,510.1964923
Guinea-Bissau,Africa,32.5,580653,299.850319
Haiti,Americas,37.579,3201488,1840.366939
Honduras,Americas,41.912,1517453,2194.926204
"Hong Kong, China",Asia,60.96,2125900,3054.421209
Hungary,Europe,64.03,9504000,5263.673816
Iceland,Europe,72.49,147962,7267.688428
India,Asia,37.373,372000000,546.5657493
Indonesia,Asia,37.468,82052000,749.6816546
Iran,Asia,44.869,17272000,3035.326002
Iraq,Asia,45.32,5441766,4129.766056
Ireland,Europe,66.91,2952156,5210.280328
Israel,Asia,65.39,1620914,4086.522128
Italy,Europe,65.94,47666000,4931.404155
Jamaica,Americas,58.53,1426095,2898.530881
Japan,Asia,63.03,86459025,3216.956347
Jordan,Asia,43.158,607914,1546.907807
Kenya,Africa,42.27,6464046,853.540919
"Korea, Dem. Rep.",Asia,50.056,8865488,1088.277758
"Korea, Rep.",Asia,47.453,20947571,1030.592226
Kuwait,Asia,55.565,160000,108382.3529
Lebanon,Asia,55.928,1439529,4834.804067
Lesotho,Africa,42.138,748747,298.8462121
Liberia,Africa,38.48,863308,575.5729961
Libya,Africa,42.723,1019729,2387.54806
Madagascar,Africa,36.681,4762912,1443.011715
Malawi,Africa,36.256,2917802,369.1650802
Malaysia,Asia,48.463,6748378,1831.132894
Mali,Africa,33.685,3838168,452.3369807
Mauritania,Africa,40.543,1022556,743.1159097
Mauritius,Africa,50.986,516556,1967.955707
Mexico,Americas,50.789,30144317,3478.125529
Mongolia,Asia,42.244,800663,786.5668575
Montenegro,Europe,59.164,413834,2647.585601
Morocco,Africa,42.873,9939217,1688.20357
Mozambique,Africa,31.286,6446316,468.5260381
Myanmar,Asia,36.319,20092996,331
Namibia,Africa,41.725,485831,2423.780443
Nepal,Asia,36.157,9182536,545.8657229
Netherlands,Europe,72.13,10381988,8941.571858
New Zealand,Oceania,69.39,1994794,10556.57566
Nicaragua,Americas,42.314,1165790,3112.363948
Niger,Africa,37.444,3379468,761.879376
Nigeria,Africa,36.324,33119096,1077.281856
Norway,Europe,72.67,3327728,10095.42172
Oman,Asia,37.578,507833,1828.230307
Pakistan,Asia,43.436,41346560,684.5971438
Panama,Americas,55.191,940080,2480.380334
Paraguay,Americas,62.649,1555876,1952.308701
Peru,Americas,43.902,8025700,3758.523437
Philippines,Asia,47.752,22438691,1272.880995
Poland,Europe,61.31,25730551,4029.329699
Portugal,Europe,59.82,8526050,3068.319867
Puerto Rico,Americas,64.28,2227000,3081.959785
Reunion,Africa,52.724,257700,2718.885295
Romania,Europe,61.05,16630000,3144.613186
Rwanda,Africa,40,2534927,493.3238752
Sao Tome and Principe,Africa,46.471,60011,879.5835855
Saudi Arabia,Asia,39.875,4005677,6459.554823
Senegal,Africa,37.278,2755589,1450.356983
Serbia,Europe,57.996,6860147,3581.459448
Sierra Leone,Africa,30.331,2143249,879.7877358
Singapore,Asia,60.396,1127000,2315.138227
Slovak Republic,Europe,64.36,3558137,5074.659104
Slovenia,Europe,65.57,1489518,4215.041741
Somalia,Africa,32.978,2526994,1135.749842
South Africa,Africa,45.009,14264935,4725.295531
Spain,Europe,64.94,28549870,3834.034742
Sri Lanka,Asia,57.593,7982342,1083.53203
Sudan,Africa,38.635,8504667,1615.991129
Swaziland,Africa,41.407,290243,1148.376626
Sweden,Europe,71.86,7124673,8527.844662
Switzerland,Europe,69.62,4815000,14734.23275
Syria,Asia,45.883,3661549,1643.485354
Taiwan,Asia,58.5,8550362,1206.947913
Tanzania,Africa,41.215,8322925,716.6500721
Thailand,Asia,50.848,21289402,757.7974177
Togo,Africa,38.596,1219113,859.8086567
Trinidad and Tobago,Americas,59.1,662850,3023.271928
Tunisia,Africa,44.6,3647735,1468.475631
Turkey,Europe,43.585,22235677,1969.10098
Uganda,Africa,39.978,5824797,734.753484
United Kingdom,Europe,69.18,50430000,9979.508487
United States,Americas,68.44,157553000,13990.48208
Uruguay,Americas,66.071,2252965,5716.766744
Venezuela,Americas,55.088,5439568,7689.799761
Vietnam,Asia,40.412,26246839,605.0664917
West Bank and Gaza,Asia,43.16,1030585,1515.592329
"Yemen, Rep.",Asia,32.548,4963829,781.7175761
Zambia,Africa,42.038,2672000,1147.388831
Zimbabwe,Africa,48.451,3080907,406.8841148
