country,continent,lifeExp,pop,gdpPercap
Afghanistan,Asia,40.822,13867957,852.3959448
Albania,Europe,72,3075321,3738.932735
Algeria,Africa,65.799,23254956,5681.358539
Angola,Africa,39.906,7874230,2430.208311
Argentina,Americas,70.774,31620918,9139.671389
Australia,Oceania,76.32,16257249,21888.88903
Austria,Europe,74.94,7578903,23687.82607
Bahrain,Asia,70.75,454612,18524.02406
Bangladesh,Asia,52.819,103764241,751.9794035
Belgium,Europe,75.35,9870200,22525.56308
Benin,Africa,52.337,4243788,1225.85601
Bolivia,Americas,57.251,6156369,2753.69149
Bosnia and Herzegovina,Europe,71.14,4338977,4314.114757
Botswana,Africa,63.622,1151184,6205.88385
Brazil,Americas,65.205,142938076,7807.095818
Bulgaria,Europe,71.34,8971958,8239.854824
Burkina Faso,Africa,49.557,7586551,912.0631417
Burundi,Africa,48.211,5126023,621.8188189
Cambodia,Asia,53.914,8371791,683.8955732
Cameroon,Africa,54.985,10780667,2602.664206
Canada,Americas,76.86,26549700,26626.51503
Central African Republic,Africa,50.485,2840009,844.8763504
Chad,Africa,51.051,5498955,952.386129
Chile,Americas,72.492,12463354,5547.063754
China,Asia,67.274,1084035000,1378.904018
Colombia,Americas,67.768,30964245,4903.2191
Comoros,Africa,54.926,395114,1315.980812
"Congo, Dem. Rep.",Africa,47.412,35481645,672.774812
"Congo, Rep.",Africa,57.47,2064095,4201.194937
Costa Rica,Americas,74.752,2799811,5629.915318
Cote d'Ivoire,Africa,54.655,10761098,2156.956069
Croatia,Europe,71.52,4484310,13822.58394
Cuba,Americas,74.174,10239839,7532.924763
Czech Republic,Europe,71.58,10311597,16310.4434
Denmark,Europe,74.8,5127024,25116.17581
Djibouti,Africa,50.04,311025,2880.102568
Dominican Republic,Americas,66.046,6655297,2899.842175
Ecuador,Americas,67.231,9545158,6481.776993
Egypt,Africa,59.797,52799062,3885.46071
El Salvador,Americas,63.154,4842194,4140.442097
Equatorial Guinea,Africa,45.664,341244,966.8968149
Eritrea,Africa,46.453,2915959,521.1341333
Ethiopia,Africa,46.684,42999530,573.7413142
Finland,Europe,74.83,4931729,21141.01223
France,Europe,76.34,55630100,22066.44214
Gabon,Africa,60.19,880397,11864.40844
Gambia,Africa,49.265,848406,611.6588611
Germany,Europe,74.847,77718298,24639.18566
Ghana,Africa,55.729,14168101,847.0061135
Greece,Europe,76.67,9974490,16120.52839
Guatemala,Americas,60.782,7326406,4246.485974
Guinea,Africa,45.552,5650262,805.5724718
Guinea-Bissau,Africa,41.245,927524,736.4153921
Haiti,Americas,53.636,5756203,1823.015995
Honduras,Americas,64.492,4372203,3023.096699
"Hong Kong, China",Asia,76.2,5584510,20038.47269
Hungary,Europe,69.58,10612740,12986.47998
Iceland,Europe,77.23,244676,26923.20628
India,Asia,58.553,788000000,976.5126756
Indonesia,Asia,60.137,169276000,1748.356961
Iran,Asia,63.04,51889696,6642.881371
Iraq,Asia,65.044,16543189,11643.57268
Ireland,Europe,74.36,3539900,13872.86652
Israel,Asia,75.6,4203148,17122.47986
Italy,Europe,76.42,56729703,19207.23482
Jamaica,Americas,71.77,2326606,6351.237495
Japan,Asia,78.67,122091325,22375.94189
Jordan,Asia,65.869,2820042,4448.679912
Kenya,Africa,59.339,21198082,1361.936856
"Korea, Dem. Rep.",Asia,70.647,19067554,4106.492315
"Korea, Rep.",Asia,69.81,41622000,8533.088805
Kuwait,Asia,74.174,1891487,28118.42998
Lebanon,Asia,67.926,3089353,5377.091329
Lesotho,Africa,57.18,1599200,773.9932141
Liberia,Africa,46.027,2269414,506.1138573
Libya,Africa,66.234,3799845,11770.5898
Madagascar,Africa,49.35,10568642,1155.441948
Malawi,Africa,47.457,7824747,635.5173634
Malaysia,Asia,69.5,16331785,5249.802653
Mali,Africa,46.364,7634008,684.1715576
Mauritania,Africa,56.145,1841240,1421.603576
Mauritius,Africa,68.74,1042663,4783.586903
Mexico,Americas,69.498,80122492,8688.156003
Mongolia,Asia,60.222,2015133,2338.008304
Montenegro,Europe,74.865,569473,11732.51017
Morocco,Africa,62.677,22987397,2755.046991
Mozambique,Africa,42.861,12891952,389.8761846
Myanmar,Asia,58.339,38028578,385
Namibia,Africa,60.835,1278184,3693.731337
Nepal,Asia,52.537,17917180,775.6324501
Netherlands,Europe,76.83,14665278,23651.32361
New Zealand,Oceania,74.32,3317166,19007.19129
Nicaragua,Americas,62.008,3344353,2955.984375
Niger,Africa,44.555,7332638,668.3000228
Nigeria,Africa,46.886,81551520,1385.029563
Norway,Europe,75.89,4186147,31540.9748
Oman,Asia,67.734,1593882,18115.22313
Pakistan,Asia,58.245,105186881,1704.686583
Panama,Americas,71.523,2253639,7034.779161
Paraguay,Americas,67.378,3886512,3998.875695
Peru,Americas,64.134,20195924,6360.9434440000005
Philippines,Asia,64.151,60017788,2189.634995
Poland,Europe,70.98,37740710,9082.351172
Portugal,Europe,74.06,9915289,13039.30876
Puerto Rico,Americas,74.63,3444468,12281.34191
Reunion,Africa,71.913,562035,5303.377488
Romania,Europe,69.53,22686371,9696.273295
Rwanda,Africa,44.02,6349365,847.991217
Sao Tome and Principe,Africa,61.728,110812,1516.525457
Saudi Arabia,Asia,66.295,14619745,21198.26136
Senegal,Africa,55.769,7171347,1441.72072
Serbia,Europe,71.218,9230783,15870.87851
Sierra Leone,Africa,40.006,3868905,1294.447788
Singapore,Asia,73.56,2794552,18861.53081
Slovak Republic,Europe,71.08,5199318,12037.26758
Slovenia,Europe,72.25,1945870,18678.53492
Somalia,Africa,44.501,6921858,1093.244963
South Africa,Africa,60.834,35933379,7825.823398
Spain,Europe,76.9,38880702,15764.98313
Sri Lanka,Asia,69.011,16495304,1876.766827
Sudan,Africa,51.744,24725960,1507.819159
Swaziland,Africa,57.678,779348,3984.839812
Sweden,Europe,77.19,8421403,23586.92927
Switzerland,Europe,77.41,6649942,30281.70459
Syria,Asia,66.974,11242847,3116.774285
Taiwan,Asia,73.4,19757799,11054.56175
Tanzania,Africa,51.535,23040630,831.8220794
Thailand,Asia,66.084,52910342,2982.653773
Togo,Africa,56.941,3154264,1202.201361
Trinidad and Tobago,Americas,69.582,1191336,7388.597823
Tunisia,Africa,66.894,7724976,3810.419296
Turkey,Europe,63.108,52881328,5089.043686
Uganda,Africa,51.509,15283050,617.7244065
United Kingdom,Europe,75.007,56981620,21664.78767
United States,Americas,75.02,242803533,29884.35041
Uruguay,Americas,71.918,3045153,7452.398969
Venezuela,Americas,70.19,17910182,9883.584648
Vietnam,Asia,62.82,62826491,820.7994449
West Bank and Gaza,Asia,67.046,1691210,5107.197384
"Yemen, Rep.",Asia,52.922,11219340,1971.741538
Zambia,Africa,50.821,7272406,1213.315116
Zimbabwe,Africa,62.351,9216418,706.1573059
